"","Scientific_Name","CC_Discuss","Discuss_Level","Date","Common_Name","Taxon","Subtaxon","Lead_Region","State"
"1","Accipiter striatus venator","No","No discussion",1997,"Hawk, Puerto Rican sharp-shinned","Vertebrate","Bird","FWS Region 4: Southeast","PR"
"2","Achatinella mustelina","Yes","No discussion",2009,"Snail, Oahu tree","Invertebrate","Mollusk","FWS Region 1: Pacific","HI"
"3","Acipenser brevirostrum","No","No discussion",1998,"Sturgeon, shortnose","Vertebrate","Fish","NMFS: Marine","DE, FL, GA, ME, MD, MA, NJ, NY, NC, PA, RI, SC, VA"
"4","Acipenser oxyrinchus oxirinchus","No","No discussion",2017,"Sturgeon, Atlantic","Vertebrate","Fish","NMFS: Marine","CT, DC , DE, FL, GA, MA, MD, ME, NC, NH, NJ, NY, PA, RI, SC, VA"
"5","Acipenser transmontanus","No","No discussion",2014,"Sturgeon, white","Vertebrate","Fish","FWS Region 1: Pacific","AK, AZ, CA, ID, MT, OR, WA"
"6","Acrocephalus familiaris kingi","No","No discussion",2010,"Millerbird, Nihoa","Vertebrate","Bird","FWS Region 1: Pacific","HI"
"7","Acrocephalus luscinia","Yes","Further study",2015,"Warbler, nightingale reed","Vertebrate","Bird","FWS Region 1: Pacific","NMI"
"8","Adelocosa anops","No","No discussion",2006,"Spider, Kauai cave wolf or pe'e pe'e maka 'ole","Invertebrate","Arthropod","FWS Region 1: Pacific","HI"
"9","Aerodramus vanikorensis bartschi","No","No discussion",2008,"Swiftlet, Mariana gray ","Vertebrate","Bird","FWS Region 1: Pacific","GU, NMI"
"10","Agelaius xanthomus","No","No discussion",2011,"Blackbird, yellow-shouldered","Vertebrate","Bird","FWS Region 4: Southeast","PR"
"11","Alasmidonta atropurpurea","Yes","No discussion",2015,"Elktoe, Cumberland","Invertebrate","Mollusk","FWS Region 4: Southeast","KY, TN"
"12","Alasmidonta heterodon","No","No discussion",2007,"Mussel, dwarf wedge","Invertebrate","Mollusk","FWS Region 5: Northeast","CT, MD, MA, NH, NJ, NY, NC, PA, VT, VA"
"13","Alasmidonta raveneliana","No","No discussion",2009,"Elktoe, Appalachian","Invertebrate","Mollusk","FWS Region 4: Southeast","NC, TN"
"14","Amazona vittata","No","No discussion",2008,"Parrot, Puerto Rican","Vertebrate","Bird","FWS Region 4: Southeast","PR"
"15","Amblema neislerii","No","No discussion",2007,"Three-ridge (mussel), fat","Invertebrate","Mollusk","FWS Region 4: Southeast","FL, GA"
"16","Ambystoma bishopi","Yes","Action",2015,"Salamander, flatwoods reticulated","Vertebrate","Amphibian","FWS Region 4: Southeast","FL, GA"
"17","Ambystoma californiense","Yes","No discussion",2014,"Salamander, California tiger","Vertebrate","Amphibian","FWS Region 8: Pacific Southwest","CA"
"18","Ambystoma macrodactylum croceum","No","No discussion",2009,"Salamander, Santa Cruz long-toed","Vertebrate","Amphibian","FWS Region 8: Pacific Southwest","CA"
"19","Ambystoma tigrinum stebbinsi","No","No discussion",2007,"Salamander, Sonoran tiger","Vertebrate","Amphibian","FWS Region 2: Southwest","AZ"
"20","Ameiva polops","Yes","Further study",2013,"Lizard, St. Croix ground","Vertebrate","Reptile","FWS Region 4: Southeast","VI"
"21","Ammodramus maritimus mirabilis","No","No discussion",2010,"Sparrow, Cape Sable seaside","Vertebrate","Bird","FWS Region 4: Southeast","FL "
"22","Ammodramus savannarum floridanus","No","No discussion",2008,"Sparrow, Florida grasshopper","Vertebrate","Bird","FWS Region 4: Southeast","FL"
"23","Anaea troglodyta floridalis","Yes","Action",2014,"Butterfly, Florida leafwing","Invertebrate","Arthropod","FWS Region 4: Southeast","FL"
"24","Anas laysanensis","Yes","Action",2014,"Duck, Laysan","Vertebrate","Bird","FWS Region 1: Pacific","HI"
"25","Anas wyvilliana","Yes","No discussion",2015,"Duck, Hawaiian ","Vertebrate","Bird","FWS Region 1: Pacific","HI"
"26","Anaxyrus baxteri","Yes","No discussion",2015,"Toad, Wyoming","Vertebrate","Amphibian","FWS Region 6: Mountain Prairie","WY"
"27","Antilocapra americana sonoriensis","Yes","Action",2016,"Pronghorn, Sonoran","Vertebrate","Mammal","FWS Region 2: Southwest","AZ"
"28","Antrobia culveri","Yes","No discussion",2011,"Cavesnail, Tumbling Creek","Invertebrate","Mollusk","FWS Region 3: Midwest","MO"
"29","Aplodontia rufa nigra","Yes","No discussion",2009,"Mountain beaver, Point Arena","Vertebrate","Mammal","FWS Region 8: Pacific Southwest","CA"
"30","Apodemia mormo langei","No","No discussion",2008,"Butterfly, Lange's metalmark","Invertebrate","Arthropod","FWS Region 8: Pacific Southwest","CA"
"31","Arkansia wheeleri","No","No discussion",2004,"Pocketbook, Ouachita rock","Invertebrate","Mollusk","FWS Region 2: Southwest","AR, OK"
"32","Assiminea pecos","Yes","Further study",2018,"Snail, Pecos assiminea ","Invertebrate","Mollusk","FWS Region 2: Southwest","NM, TX"
"33","Athearnia anthonyi","No","No discussion",2011,"Riversnail, Anthony's","Invertebrate","Mollusk","FWS Region 4: Southeast","AL, GA, TN"
"34","Balaena glacialis","No","No discussion",2010,"Whale, right","Vertebrate","Mammal","NMFS: Marine","CT, DE, FL, GA, ME, MD, MA, NJ, NY, NC, RI, SC, VA"
"35","Balaena mysticetus","No","No discussion",1970,"Whale, bowhead","Vertebrate","Mammal","NMFS: Marine","AK"
"36","Balaenoptera borealis","Yes","Further study",2012,"Whale, Sei","Vertebrate","Mammal","NMFS: Marine","CA, MA"
"37","Balaenoptera musculus","No","No discussion",1998,"Whale, blue","Vertebrate","Mammal","NMFS: Marine","AK, CA, MA"
"38","Balaenoptera physalus","Yes","No discussion",2010,"Whale, finback","Vertebrate","Mammal","NMFS: Marine","AL, AK, CA, CT, DE, FL, GA, LA, ME, MD, MA, MS, NH, NJ, NY, NC, PR, RI, SC, VA, VI"
"39","Batrachoseps aridus","Yes","No discussion",2014,"Salamander, desert slender","Vertebrate","Amphibian","FWS Region 8: Pacific Southwest","CA"
"40","Batrisodes texanus","No","No discussion",2009,"Beetle, Coffin Cave mold","Invertebrate","Arthropod","FWS Region 2: Southwest","TX"
"41","Batrisodes venyivi","Yes","Action",2011,"Beetle, Helotes mold","Invertebrate","Arthropod","FWS Region 2: Southwest","TX"
"42","Boloria acrocnema","Yes","Further study",2010,"Butterfly, Uncompahgre fritillary","Invertebrate","Arthropod","FWS Region 6: Mountain Prairie","CO"
"43","Bombus affinis","Yes","Excluded from analysis",2018,"Rusty patched bumble bee","Invertebrate","Arthropod","FWS Region 3: Midwest","IA, IL, IN, MA, ME, MN, OH, VA, WI, WV"
"44","Brachylagus idahoensis","No","No discussion",2013,"Rabbit, pygmy","Vertebrate","Mammal","FWS Region 1: Pacific","WA"
"45","Branchinecta conservatio","Yes","No discussion",2012,"Fairy shrimp, Conservancy","Invertebrate","Arthropod","FWS Region 8: Pacific Southwest","CA"
"46","Branchinecta longiantenna","Yes","No discussion",2012,"Fairy shrimp, longhorn","Invertebrate","Arthropod","FWS Region 8: Pacific Southwest","CA"
"47","Branchinecta sandiegonensis","Yes","No discussion",2008,"Fairy shrimp, San Diego","Invertebrate","Arthropod","FWS Region 8: Pacific Southwest","CA"
"48","Branta sandvicensis","No","No discussion",2011,"Goose, Hawaiian","Vertebrate","Bird","FWS Region 1: Pacific","HI"
"49","Brychius hungerfordi","Yes","No discussion",2009,"Beetle, Hungerford's crawling water","Invertebrate","Arthropod","FWS Region 3: Midwest","MI"
"50","Bufo californicus","No","No discussion",2009,"Toad, arroyo","Vertebrate","Amphibian","FWS Region 8: Pacific Southwest","CA"
"51","Bufo houstonensis","Yes","Further study",2011,"Toad, Houston","Vertebrate","Amphibian","FWS Region 2: Southwest","TX"
"52","Buteo platypterus brunnescens","No","No discussion",2010,"Hawk, Puerto Rican broad-winged","Vertebrate","Bird","FWS Region 4: Southeast","PR"
"53","Buteo solitarius","No","No discussion",2014,"Hawk, Hawaiian","Vertebrate","Bird","FWS Region 1: Pacific","HI"
"54","Callophrys mossii bayensis","Yes","No discussion",2010,"Butterfly, San Bruno elfin","Invertebrate","Arthropod","FWS Region 8: Pacific Southwest","CA"
"55","Cambarus aculabrum","No","No discussion",2013,"Crayfish, cave(1)","Invertebrate","Arthropod","FWS Region 4: Southeast","AR, MO"
"56","Cambarus veteranus","Yes","Excluded from analysis",2018,"Guyandotte River crayfish","Invertebrate","Arthropod","FWS Region 5: Northeast","WV"
"57","Cambarus zophonastes","No","No discussion",2012,"Crayfish, cave(2)","Invertebrate","Arthropod","FWS Region 4: Southeast","AR "
"58","Campeloma decampi","No","No discussion",2012,"Campeloma, slender","Invertebrate","Mollusk","FWS Region 4: Southeast","AL"
"59","Canis lupus baileyi","Yes","No threat, no action needed",2017,"Wolf, gray","Vertebrate","Mammal","FWS Region 2: Southwest","AZ, NM"
"60","Canis rufus","Yes","No discussion",2007,"Wolf, red","Vertebrate","Mammal","FWS Region 4: Southeast","NC, SC"
"61","Caprimulgus noctitherus","No","No discussion",2012,"Nightjar, Puerto Rican","Vertebrate","Bird","FWS Region 4: Southeast","PR"
"62","Caretta caretta","Yes","Action",2009,"Turtle, Loggerhead sea ","Vertebrate","Reptile","FWS Region 4: Southeast"," AL , FL, GA, LA, MS, NC, SC, TX, VA"
"63","Catostomus discobulus yarrowi","Yes","No discussion",2014,"Sucker, Zuni bluehead","Vertebrate","Fish","FWS Region 2: Southwest","AZ, NM"
"64","Charadrius melodus","Yes","Action",2009,"Plover, piping","Vertebrate","Bird","FWS Region 5: Northeast","AL, AR, CO, CT, DE, FL, GA, IA, IL, IN, KS, KY, LA, MA, MD, ME, MI, MN, MO, MS, MT, NC, ND, NE, NH, NJ, NY, OH, OK, PA, RI, SC, SD, TN, TX, VA, WI, WY"
"65","Chasiempis sandwichensis ibidis","No","No discussion",2013,"Elepaio, Oahu","Vertebrate","Bird","FWS Region 1: Pacific","HI"
"66","Chasmistes brevirostris","Yes","No discussion",2013,"Sucker, shortnose","Vertebrate","Fish","FWS Region 8: Pacific Southwest","CA, OR"
"67","Chasmistes cujus","No","No discussion",1992,"Cui-ui","Vertebrate","Fish","FWS Region 8: Pacific Southwest","NV"
"68","Chasmistes liorus","No","No discussion",1999,"Sucker, June","Vertebrate","Fish","FWS Region 6: Mountain Prairie","UT"
"69","Chelonia mydas","Yes","No discussion",2007,"Sea turtle, green","Vertebrate","Reptile","FWS Region 4: Southeast","FL"
"70","Chrosomus saylori","Yes","No discussion",2016,"Dace, laurel","Vertebrate","Fish","FWS Region 4: Southeast","TN"
"71","Cicindela nevadica lincolniana","Yes","No discussion",2017,"Tiger beetle, Salt Creek","Invertebrate","Arthropod","FWS Region 6: Mountain Prairie","NE"
"72","Cicindela ohlone","No","No discussion",2009,"Tiger beetle, Ohlone","Invertebrate","Arthropod","FWS Region 8: Pacific Southwest","CA"
"73","Cicindelidia floridana","Yes","Excluded from analysis",2016,"Miami tiger beetle","Invertebrate","Arthropod","FWS Region 4: Southeast","FL"
"74","Cicurina baronia","Yes","Action",2011,"Meshweaver, Robber Baron Cave","Invertebrate","Arthropod","FWS Region 2: Southwest","TX"
"75","Cicurina madla","Yes","Action",2011,"Meshweaver, Madla's Cave","Invertebrate","Arthropod","FWS Region 2: Southwest","TX"
"76","Cicurina venii","Yes","Action",2011,"Meshweaver, Braken Bat Cave","Invertebrate","Arthropod","FWS Region 2: Southwest","TX"
"77","Cicurina vespera","Yes","Action",2011,"Meshweaver, Government Canyon Bat Cave","Invertebrate","Arthropod","FWS Region 2: Southwest","TX"
"78","Colinus virginianus ridgwayi","Yes","Action",2014,"Bobwhite, masked","Vertebrate","Bird","FWS Region 2: Southwest","AZ"
"79","Columba inornata wetmorei","Yes","No discussion",2011,"Pigeon, Puerto Rican plain","Vertebrate","Bird","FWS Region 4: Southeast","PR"
"80","Conradilla caelata","No","No discussion",2011,"Pearlymussel, birdwing","Invertebrate","Mollusk","FWS Region 4: Southeast","AL, TN, VA"
"81","Corvus kubaryi","No","No discussion",2005,"Crow, Mariana","Vertebrate","Bird","FWS Region 1: Pacific","GU, NMI"
"82","Corynorhinus townsendii ingens","No","No discussion",2008,"Bat, Ozark big-eared ","Vertebrate","Mammal","FWS Region 2: Southwest","AR, MO, OK"
"83","Corynorhinus townsendii virginianus","No","No discussion",2008,"Bat, Virginia big-eared ","Vertebrate","Mammal","FWS Region 5: Northeast","KY, NC, VA, WV"
"84","Cottus specus","Yes","No discussion",2013,"Sculpin, grotto","Vertebrate","Fish","FWS Region 3: Midwest","MO"
"85","Crenichthys baileyi baileyi","Yes","No discussion",2012,"Springfish, White River","Vertebrate","Fish","FWS Region 8: Pacific Southwest","NV"
"86","Crenichthys baileyi grandis","Yes","No discussion",2012,"Springfish, Hiko White River","Vertebrate","Fish","FWS Region 8: Pacific Southwest","NV"
"87","Cryptobranchus alleganiensis bishopi","Yes","Excluded from analysis",2011,"Hellbender, Ozark","Vertebrate","Amphibian","FWS Region 3: Midwest","AR, MO"
"88","Crystallaria cincotta","Yes","Action",2012,"Darter, diamond","Vertebrate","Fish","FWS Region 5: Northeast","WV"
"89","Cumberlandia monodonta","Yes","Excluded from analysis",2012,"Spectaclecase","Invertebrate","Mollusk","FWS Region 3: Midwest","AL, AR, IL, IA, KS, KY, MN, MO, VA, WV, WI"
"90","Cyclargus (=Hemiargus) thomasi bethunebakeri","Yes","Excluded from analysis",2012,"Butterfly, Miami blue","Invertebrate","Arthropod","FWS Region 4: Southeast","FL"
"91","Cyprinodon bovinus","Yes","No discussion",2013,"Pupfish, Leon Springs","Vertebrate","Fish","FWS Region 2: Southwest","TX"
"92","Cyprinodon diabolis","No","No discussion",1990,"Pupfish, Devils Hole","Vertebrate","Fish","FWS Region 8: Pacific Southwest","NV"
"93","Cyprinodon elegans","Yes","No discussion",2013,"Pupfish, Comanche Springs","Vertebrate","Fish","FWS Region 2: Southwest","TX"
"94","Cyprinodon macularius","Yes","No discussion",2010,"Pupfish, desert","Vertebrate","Fish","FWS Region 2: Southwest","AZ, CA"
"95","Cyprinodon nevadensis mionectes","No","No discussion",2010,"Pupfish, Ash Meadows Amargosa","Vertebrate","Fish","FWS Region 8: Pacific Southwest","NV"
"96","Cyprinodon nevadensis pectoralis","No","No discussion",1990,"Pupfish, Warm Springs","Vertebrate","Fish","FWS Region 8: Pacific Southwest","NV"
"97","Cyprinodon radiosus","Yes","No discussion",2009,"Pupfish, Owens","Vertebrate","Fish","FWS Region 8: Pacific Southwest","CA"
"98","Cyprogenia stegaria","No","No discussion",1991,"Fanshell","Invertebrate","Mollusk","FWS Region 4: Southeast","AL, IL, IN, KY, OH, TN, VA, WV"
"99","Delphinapterus leucas","Yes","Action",2015,"Whale, beluga","Vertebrate","Mammal","NMFS: Marine","AK "
"100","Deltistes luxatus","Yes","No discussion",2013,"Sucker, Lost River","Vertebrate","Fish","FWS Region 8: Pacific Southwest","CA, OR"
"101","Dendroica chrysoparia","Yes","Further study",2014,"Warbler, golden-cheeked","Vertebrate","Bird","FWS Region 2: Southwest","TX"
"102","Dendroica kirtlandii","Yes","Further study",2012,"Warbler, Kirtland's","Vertebrate","Bird","FWS Region 3: Midwest","FL, MI, SC, WI"
"103","Dermochelys coriacea","Yes","Action",2013,"Sea turtle, leatherback","Vertebrate","Reptile","FWS Region 4: Southeast","AL, AK, CA, CT, DE, FL, GA, HI, LA, ME, MD, MA, MS, NH, NJ, NY, NC, OR, PR, RI, SC, TX, VA, VI, WA"
"104","Dinacoma caseyi","Yes","No discussion",2013,"June-beetle, Casey's","Invertebrate","Arthropod","FWS Region 8: Pacific Southwest","CA"
"105","Dipodomys heermanni morroensis","Yes","No discussion",2011,"Kangaroo rat, Morro Bay","Vertebrate","Mammal","FWS Region 8: Pacific Southwest","CA"
"106","Dipodomys ingens","Yes","No discussion",2010,"Kangaroo rat, giant","Vertebrate","Mammal","FWS Region 8: Pacific Southwest","CA"
"107","Dipodomys merriami parvus","Yes","No discussion",2009,"Kangaroo rat, San Bernardino Merriam's","Vertebrate","Mammal","FWS Region 8: Pacific Southwest","CA"
"108","Dipodomys nitratoides exilis","Yes","No discussion",2010,"Kangaroo rat, Fresno","Vertebrate","Mammal","FWS Region 8: Pacific Southwest","CA"
"109","Dipodomys nitratoides nitratoides","Yes","No discussion",2010,"Kangaroo rat, Tipton","Vertebrate","Mammal","FWS Region 8: Pacific Southwest","CA"
"110","Dipodomys stephensi","No","No discussion",2011,"Kangaroo rat, Stephens'","Vertebrate","Mammal","FWS Region 8: Pacific Southwest","CA"
"111","Discus macclintocki","Yes","Further study",2013,"Snail, Iowa Pleistocene","Invertebrate","Mollusk","FWS Region 3: Midwest","IL, IA"
"112","Dromus dromas","No","No discussion",2011,"Pearlymussel, dromedary","Invertebrate","Mollusk","FWS Region 4: Southeast","AL, TN, VA"
"113","Drosophila aglaia","Yes","No discussion",2012,"Pomace fly, [unnamed]","Invertebrate","Arthropod","FWS Region 1: Pacific","HI"
"114","Drosophila differens","Yes","No discussion",2012,"Pomace fly, [unnamed]","Invertebrate","Arthropod","FWS Region 1: Pacific","HI"
"115","Drosophila digressa","Yes","Excluded from analysis",2013,"Fly, Hawaii picture-wing","Invertebrate","Arthropod","FWS Region 1: Pacific","HI"
"116","Drosophila hemipeza","Yes","No discussion",2012,"Pomace fly, [unnamed]","Invertebrate","Arthropod","FWS Region 1: Pacific","HI"
"117","Drosophila heteroneura","Yes","No discussion",2012,"Pomace fly, [unnamed]","Invertebrate","Arthropod","FWS Region 1: Pacific","HI"
"118","Drosophila montgomeryi","Yes","No discussion",2012,"Pomace fly, [unnamed]","Invertebrate","Arthropod","FWS Region 1: Pacific","HI"
"119","Drosophila musaphila","Yes","No discussion",2012,"Pomace fly, [unnamed]","Invertebrate","Arthropod","FWS Region 1: Pacific","HI"
"120","Drosophila neoclavisetae","Yes","No discussion",2012,"Pomace fly, [unnamed]","Invertebrate","Arthropod","FWS Region 1: Pacific","HI"
"121","Drosophila obatai","Yes","No discussion",2012,"Pomace fly, [unnamed]","Invertebrate","Arthropod","FWS Region 1: Pacific","HI"
"122","Drosophila ochrobasis","Yes","No discussion",2012,"Pomace fly, [unnamed]","Invertebrate","Arthropod","FWS Region 1: Pacific","HI"
"123","Drosophila sharpi","Yes","Action",2010,"Fly, Hawaii picture-wing","Invertebrate","Arthropod","FWS Region 1: Pacific","HI"
"124","Drosophila substenoptera","Yes","No discussion",2012,"Pomace fly, [unnamed]","Invertebrate","Arthropod","FWS Region 1: Pacific","HI"
"125","Drosophila tarphytrichia","Yes","No discussion",2012,"Pomace fly, [unnamed]","Invertebrate","Arthropod","FWS Region 1: Pacific","HI"
"126","Eleutherodactylus juanariveroi","Yes","No discussion",2012,"Coqui llanero","Vertebrate","Amphibian","FWS Region 4: Southeast","PR"
"127","Elliptio spinosa","Yes","No discussion",2011,"Spinymussel, Altamaha","Invertebrate","Mollusk","FWS Region 4: Southeast","GA"
"128","Elliptio steinstansana","Yes","No discussion",2014,"Spinymussel, Tar River","Invertebrate","Mollusk","FWS Region 4: Southeast","NC"
"129","Emballonura semicaudata rotensis","Yes","Excluded from analysis",2015,"Pacific sheath-tailed Bat (Mariana ssp)","Vertebrate","Mammal","FWS Region 1: Pacific","MP"
"130","Emballonura semicaudata semicaudata","Yes","Excluded from analysis",2016,"Pacific sheath-tailed Bat","Vertebrate","Mammal","FWS Region 1: Pacific","AS"
"131","Emoia slevini","Yes","Excluded from analysis",2015,"Slevin's skink","Vertebrate","Reptile","FWS Region 1: Pacific","GU, NMI"
"132","Empetrichthys latos","No","No discussion",1980,"Poolfish, Pahrump","Vertebrate","Fish","FWS Region 8: Pacific Southwest","NV"
"133","Empidonax traillii extimus","Yes","No discussion",2014,"Flycatcher, southwestern willow","Vertebrate","Bird","FWS Region 2: Southwest","AZ, CA, CO, NV, NM, TX, UT"
"134","Epicrates inornatus","No","No discussion",2011,"Boa, Puerto Rican","Vertebrate","Reptile","FWS Region 4: Southeast","PR"
"135","Epicrates monensis granti","Yes","No discussion",2009,"Boa, Virgin Islands tree","Vertebrate","Reptile","FWS Region 4: Southeast","VI"
"136","Epioblasma brevidens","No","No discussion",2007,"Combshell, Cumberlandian","Invertebrate","Mollusk","FWS Region 4: Southeast","AL, KY, MS, VA"
"137","Epioblasma capsaeformis","No","No discussion",2011,"Mussel, oyster","Invertebrate","Mollusk","FWS Region 4: Southeast","AL, KY, NC, VA"
"138","Epioblasma florentina curtisii","Yes","No discussion",2011,"Pearlymussel, Curtis","Invertebrate","Mollusk","FWS Region 3: Midwest","AR, MO"
"139","Epioblasma florentina walkeri","Yes","No discussion",2012,"Riffleshell, tan","Invertebrate","Mollusk","FWS Region 4: Southeast","KY, TN, VA"
"140","Epioblasma obliquata obliquata","Yes","No discussion",2010,"Catspaw, purple","Invertebrate","Mollusk","FWS Region 3: Midwest","AL, KY, OH"
"141","Epioblasma obliquata perobliqua","Yes","No discussion",2013,"Catspaw, white","Invertebrate","Mollusk","FWS Region 3: Midwest","IN, OH"
"142","Epioblasma penita","No","No discussion",2015,"Combshell, southern","Invertebrate","Mollusk","FWS Region 4: Southeast","AL, MS"
"143","Epioblasma torulosa rangiana","No","No discussion",2009,"Riffleshell, northern","Invertebrate","Mollusk","FWS Region 5: Northeast","IN, KY, MI, OH, PA, WV"
"144","Epioblasma triquetra","Yes","Excluded from analysis",2012,"Mussel, snuffbox","Invertebrate","Mollusk","FWS Region 3: Midwest","AL, AR, IL, IN, KY, MI, MN, MS, MO, OH, PA, VA, WV, WI"
"145","Eretmochelys imbricata","Yes","Action",2013,"Sea turtle, hawksbill","Vertebrate","Reptile","FWS Region 4: Southeast","AL, AS, CT, DE, FL, GA, GU, HI, LA, ME, MD, MA, MS, NH, NJ, NY, NC, NMI, PR, RI, SC, TX, VA, VI"
"146","Eschrichtius robustus","No","No discussion",1999,"Whale, gray","Vertebrate","Mammal","NMFS: Marine","AK "
"147","Etheostoma akatulo","No","No discussion",2014,"Darter, bluemask","Vertebrate","Fish","FWS Region 4: Southeast","TN"
"148","Etheostoma chermocki","No","No discussion",2011,"Darter, vermilion","Vertebrate","Fish","FWS Region 4: Southeast","AL"
"149","Etheostoma chienense","Yes","No discussion",2013,"Darter, relict","Vertebrate","Fish","FWS Region 4: Southeast","KY"
"150","Etheostoma etowahae","Yes","No discussion",2014,"Darter, Etowah","Vertebrate","Fish","FWS Region 4: Southeast","GA"
"151","Etheostoma fonticola","No","No discussion",1996,"Darter, fountain","Vertebrate","Fish","FWS Region 2: Southwest","TX"
"152","Etheostoma moorei","Yes","No discussion",2018,"Darter, yellowcheek","Vertebrate","Fish","FWS Region 4: Southeast","AR"
"153","Etheostoma nuchale","No","No discussion",2009,"Darter, watercress","Vertebrate","Fish","FWS Region 4: Southeast","AL"
"154","Etheostoma osburni","No","No discussion",2018,"Darter, candy","Vertebrate","Fish","FWS Region 5: Northeast","VA, WV"
"155","Etheostoma percnurum","No","No discussion",2012,"Darter, duskytail","Vertebrate","Fish","FWS Region 4: Southeast","KY, TN, VA"
"156","Etheostoma phytophilum","No","No discussion",2012,"Darter, rush","Vertebrate","Fish","FWS Region 4: Southeast","AL"
"157","Etheostoma susanae","Yes","No discussion",2018,"Darter, Cumberland","Vertebrate","Fish","FWS Region 4: Southeast","KY, TN"
"158","Etheostoma wapiti","Yes","No discussion",2009,"Darter, boulder ","Vertebrate","Fish","FWS Region 4: Southeast","AL, TN "
"159","Eua zebrina","Yes","Excluded from analysis",2016,"Snail [no common name]","Invertebrate","Mollusk","FWS Region 1: Pacific","AS"
"160","Eubalaena japonica","Yes","Further study",2013,"Whale, North Pacific right","Vertebrate","Mammal","NMFS: Marine","AK, CA, HI, OR"
"161","Eucyclogobius newberryi","Yes","Action",2013,"Goby, tidewater","Vertebrate","Fish","FWS Region 8: Pacific Southwest","CA"
"162","Eumetopias jubatus","Yes","Action",2008,"Sea-lion, Steller","Vertebrate","Mammal","NMFS: Marine","AK "
"163","Eumops floridanus","Yes","Excluded from analysis",2013," Bat, Florida bonneted","Vertebrate","Mammal","FWS Region 4: Southeast","FL"
"164","Euphilotes battoides allyni","No","No discussion",2008,"Butterfly, El Segundo blue","Invertebrate","Arthropod","FWS Region 8: Pacific Southwest","CA"
"165","Euphilotes enoptes smithi","No","No discussion",2006,"Butterfly, Smith's blue","Invertebrate","Arthropod","FWS Region 8: Pacific Southwest","CA"
"166","Euphydryas editha quino","Yes","Action",2009,"Butterfly, Quino checkerspot","Invertebrate","Arthropod","FWS Region 8: Pacific Southwest","CA"
"167","Euphydryas editha taylori","Yes","No threat, no action needed",2013,"Checkerspot, Taylor's","Invertebrate","Arthropod","FWS Region 1: Pacific","OR, WA"
"168","Eurycea sosorum","No","No discussion",2006,"Salamander, Barton Springs","Vertebrate","Amphibian","FWS Region 2: Southwest","TX"
"169","Eurycea waterlooensis","Yes","No discussion",2013,"Salamander, Austin blind","Vertebrate","Amphibian","FWS Region 2: Southwest","TX"
"170","Falco femoralis septentrionalis","Yes","Action",2014,"Falcon, northern aplomado","Vertebrate","Bird","FWS Region 2: Southwest","AZ, NM, TX"
"171","Fulica americana alai","Yes","No discussion",2015,"Coot, Hawaiian ","Vertebrate","Bird","FWS Region 1: Pacific","HI"
"172","Fusconaia cor","No","No discussion",2013,"Pigtoe, shiny","Invertebrate","Mollusk","FWS Region 4: Southeast","AL, TN, VA"
"173","Fusconaia cuneolus","No","No discussion",2013,"Pigtoe, finerayed","Invertebrate","Mollusk","FWS Region 4: Southeast","AL, TN, VA"
"174","Fusconaia rotulata","Yes","No discussion",2012,"Ebonyshell, round","Invertebrate","Mollusk","FWS Region 4: Southeast","AL, FL"
"175","Gallicolumba stairi","Yes","Excluded from analysis",2016,"Friendly Ground-Dove","Vertebrate","Bird","FWS Region 1: Pacific","AS"
"176","Gallinula chloropus guami","Yes","Further study",2015,"Moorhen, Mariana common","Vertebrate","Bird","FWS Region 1: Pacific","GU, NMI"
"177","Gallinula chloropus sandvicensis","Yes","No discussion",2015,"Moorhen, Hawaiian common","Vertebrate","Bird","FWS Region 1: Pacific","HI"
"178","Gambelia silus","Yes","No discussion",2010,"Lizard, blunt-nosed leopard","Vertebrate","Reptile","FWS Region 8: Pacific Southwest","CA"
"179","Gambusia gaigei","Yes","Action",2012,"Gambusia, Big Bend","Vertebrate","Fish","FWS Region 2: Southwest","TX"
"180","Gambusia heterochir","Yes","Action",2010,"Gambusia, Clear Creek","Vertebrate","Fish","FWS Region 2: Southwest","TX"
"181","Gambusia nobilis","No","No discussion",1983,"Gambusia, Pecos","Vertebrate","Fish","FWS Region 2: Southwest","NM, TX"
"182","Gammarus acherondytes","Yes","No discussion",2011,"Amphipod, Illinois cave","Invertebrate","Arthropod","FWS Region 3: Midwest","IL"
"183","Gammarus desperatus","Yes","Further study",2018,"Amphipod, Noel's ","Invertebrate","Arthropod","FWS Region 2: Southwest","NM "
"184","Gammarus hyalleloides","Yes","No discussion",2013,"Amphipod, diminuitive","Invertebrate","Arthropod","FWS Region 2: Southwest","TX"
"185","Gammarus pecos","Yes","No discussion",2013,"Amphipod, Pecos","Invertebrate","Arthropod","FWS Region 2: Southwest","TX"
"186","Gasterosteus aculeatus williamsoni","Yes","No discussion",2009,"Stickleback, unarmored threespine","Vertebrate","Fish","FWS Region 8: Pacific Southwest","CA"
"187","Gila bicolor mohavensis","Yes","No discussion",2009,"Chub, Mohave tui","Vertebrate","Fish","FWS Region 8: Pacific Southwest","CA"
"188","Gila bicolor snyderi","Yes","No discussion",2009,"Chub, Owens tui","Vertebrate","Fish","FWS Region 8: Pacific Southwest","CA"
"189","Gila boraxobius","No","No discussion",2012,"Chub, Borax Lake","Vertebrate","Fish","FWS Region 1: Pacific","OR"
"190","Gila cypha","No","Action",2011,"Chub, humpback","Vertebrate","Fish","FWS Region 6: Mountain Prairie","AZ, CO, UT"
"191","Gila elegans","No","Action",2012,"Chub, bonytail","Vertebrate","Fish","FWS Region 6: Mountain Prairie","AZ, CO, NV, UT"
"192","Gila intermedia","No","No discussion",2005,"Chub, Gila ","Vertebrate","Fish","FWS Region 2: Southwest","AZ, NM"
"193","Gila purpurea","No","No discussion",1995,"Chub, Yaqui","Vertebrate","Fish","FWS Region 2: Southwest","AZ"
"194","Gila robusta jordani","No","No discussion",1998,"Chub, Pahranagat roundtail ","Vertebrate","Fish","FWS Region 8: Pacific Southwest","NV"
"195","Gila seminuda","Yes","No discussion",2008,"Chub, Virgin River","Vertebrate","Fish","FWS Region 6: Mountain Prairie","AZ, NV, UT"
"196","Glaucidium brasilianum cactorum","No","No discussion",2008,"Pygmy-owl, cactus ferruginous","Vertebrate","Bird","FWS Region 2: Southwest","AZ"
"197","Glaucomys sabrinus coloratus","Yes","No discussion",2013,"Squirrel, Carolina northern flying","Vertebrate","Mammal","FWS Region 4: Southeast","NC, TN, VA"
"198","Glaucopsyche lygdamus palosverdesensis","Yes","No discussion",2014,"Butterfly, Palos Verdes blue","Invertebrate","Arthropod","FWS Region 8: Pacific Southwest","CA"
"199","Grus americana","Yes","No discussion",2012,"Crane, whooping","Vertebrate","Bird","FWS Region 2: Southwest","CO, KS, MT, NE, ND, OK, SD, TX"
"200","Grus canadensis pulla","No","No discussion",1991,"Crane, Mississippi sandhill","Vertebrate","Bird","FWS Region 4: Southeast","MS"
"201","Gymnogyps californianus","No","Further study",2013,"Condor, California","Vertebrate","Bird","FWS Region 8: Pacific Southwest","AZ, CA, UT"
"202","Gymnomyza samoensis","Yes","Excluded from analysis",2016,"Mao (= maomao) (honeyeater)","Vertebrate","Bird","FWS Region 1: Pacific","AS"
"203","Haliotis cracherodii","Yes","No discussion",2011,"Abalone, black","Invertebrate","Mollusk","NMFS: Marine","CA, OR"
"204","Haliotis sorenseni","Yes","Action",2009,"Abalone, White","Invertebrate","Mollusk","FWS Region 8: Pacific Southwest","CA "
"205","Helminthoglypta walkeriana","No","No discussion",2006,"Snail, Morro shoulderband","Invertebrate","Mollusk","FWS Region 8: Pacific Southwest","CA"
"206","Hemignathus munroi","Yes","Action",2015,"`Akiapola`au (honeycreeper)","Vertebrate","Bird","FWS Region 1: Pacific","HI"
"207","Hemistena lata","No","No discussion",2011,"Pearlymussel, cracking","Invertebrate","Mollusk","FWS Region 4: Southeast","AL, TN, VA"
"208","Heraclides aristodemus ponceanus","No","No discussion",2008,"Butterfly, Schaus swallowtail","Invertebrate","Arthropod","FWS Region 4: Southeast","FL"
"209","Herpailurus yagouaroundi cacomitli","Yes","Action",2013,"Jaguarundi (TX)","Vertebrate","Mammal","FWS Region 2: Southwest","TX"
"210","Heterelmis comalensis","Yes","Action",2013,"Beetle, Comal Springs riffle","Invertebrate","Arthropod","FWS Region 2: Southwest","TX"
"211","Himantopus mexicanus knudseni","Yes","No discussion",2012,"Stilt, Hawaiian ","Vertebrate","Bird","FWS Region 1: Pacific","HI"
"212","Hybognathus amarus","Yes","Action",2010,"Minnow, Rio Grande silvery","Vertebrate","Fish","FWS Region 2: Southwest","NM, TX"
"213","Hylaeus anthracinus","Yes","Excluded from analysis",2016,"Anthricinan yellow-faced bee","Invertebrate","Arthropod","FWS Region 1: Pacific","HI"
"214","Hylaeus assimulans","Yes","Excluded from analysis",2016,"Assimulans yellow-faced bee","Invertebrate","Arthropod","FWS Region 1: Pacific","HI"
"215","Hylaeus facilis","Yes","Excluded from analysis",2016,"Easy yellow-faced bee","Invertebrate","Arthropod","FWS Region 1: Pacific","HI"
"216","Hylaeus hilaris","Yes","Excluded from analysis",2016,"Hilaris yellow-faced bee","Invertebrate","Arthropod","FWS Region 1: Pacific","HI "
"217","Hylaeus kuakea","Yes","Excluded from analysis",2016,"Hawaiian yellow-faced bee","Invertebrate","Arthropod","FWS Region 1: Pacific","HI"
"218","Hylaeus longiceps","Yes","Excluded from analysis",2016,"Hawaiian yellow-faced bee","Invertebrate","Arthropod","FWS Region 1: Pacific","HI "
"219","Hylaeus mana","Yes","Excluded from analysis",2016,"Hawaiian yellow-faced bee","Invertebrate","Arthropod","FWS Region 1: Pacific","HI"
"220","Hypolimnas octocula marianensis","Yes","Excluded from analysis",2015,"Mariana eight-spot butterfly","Invertebrate","Arthropod","FWS Region 1: Pacific","GU"
"221","Icaricia icarioides fenderi","Yes","Action",2010,"Butterfly, Fender's blue","Invertebrate","Arthropod","FWS Region 1: Pacific","OR"
"222","Icaricia icarioides missionensis","Yes","No discussion",2010,"Butterfly, mission blue","Invertebrate","Arthropod","FWS Region 8: Pacific Southwest","CA"
"223","Ischnura luta","Yes","Excluded from analysis",2015,"Rota blue damselfly","Invertebrate","Arthropod","FWS Region 1: Pacific","NMI"
"224","Juturnia kosteri","Yes","Further study",2018,"Springsnail, Koster's","Invertebrate","Mollusk","FWS Region 2: Southwest","NM, TX"
"225","Kinosternon sonoriense longifemorale","Yes","Excluded from analysis",2017,"Sonoyta mud turtle","Vertebrate","Reptile","FWS Region 2: Southwest","AZ"
"226","Lampsilis abrupta","No","No discussion",1985,"Mucket, pink","Invertebrate","Mollusk","FWS Region 4: Southeast","AL, AR, IL, KY, LA, MO, OH, TN, VA, WV"
"227","Lampsilis higginsii","No","No discussion",2006,"Pearlymussel, Higgins' eye","Invertebrate","Mollusk","FWS Region 3: Midwest","IL, IA, MN, MO, SD, WI"
"228","Lampsilis rafinesqueana","Yes","Action",2018,"Mucket, Neosho","Invertebrate","Mollusk","FWS Region 4: Southeast","AR, KS, MO, OK"
"229","Lampsilis streckeri","Yes","No discussion",2015,"Pocketbook, speckled","Invertebrate","Mollusk","FWS Region 4: Southeast","AR "
"230","Lampsilis subangulata","No","No discussion",2007,"Pocketbook, shinyrayed","Invertebrate","Mollusk","FWS Region 4: Southeast","AL, FL,GA"
"231","Lampsilis virescens","No","No discussion",2012,"Lampmussel, Alabama","Invertebrate","Mollusk","FWS Region 4: Southeast","AL"
"232","Lanius ludovicianus mearnsi","Yes","No discussion",2009,"Shrike, San Clemente loggerhead","Vertebrate","Bird","FWS Region 8: Pacific Southwest","CA"
"233","Lanx sp.","No","No discussion",2006,"Limpet, Banbury Springs","Invertebrate","Mollusk","FWS Region 1: Pacific","ID "
"234","Lasiurus cinereus semotus","Yes","No discussion",2011,"Bat, Hawaiian hoary","Vertebrate","Mammal","FWS Region 1: Pacific","HI"
"235","Lasmigona decorata","Yes","No discussion",2012,"Heelsplitter, Carolina","Invertebrate","Mollusk","FWS Region 4: Southeast","NC, SC"
"236","Leopardus pardalis","Yes","Action",2016,"Ocelot","Vertebrate","Mammal","FWS Region 2: Southwest","AZ, TX"
"237","Lepidochelys kempii","Yes","Action",2010,"Sea turtle, Kemp's ridley","Vertebrate","Reptile","FWS Region 2: Southwest","AL, CT, DE, FL, GA, LA, MD, MA, MS, NJ, NY, NC, RI, SC, TX, VA"
"238","Lepidochelys olivacea","No","No discussion",2007,"Sea turtle, olive ridley","Vertebrate","Reptile","FWS Region 4: Southeast","CA, HI, OR"
"239","Lepidomeda albivallis","Yes","No discussion",2010,"Spinedace, White River","Vertebrate","Fish","FWS Region 8: Pacific Southwest","NV"
"240","Lepidurus packardi","Yes","No discussion",2007,"Tadpole shrimp, vernal pool","Invertebrate","Arthropod","FWS Region 8: Pacific Southwest","CA"
"241","Leptodea leptodon","Yes","No discussion",2011,"Mussel, scaleshell","Invertebrate","Mollusk","FWS Region 3: Midwest","AR, IL, MO, NE, OK, SD"
"242","Leptoneta myopica","Yes","No discussion",2009,"Spider, Tooth Cave","Invertebrate","Arthropod","FWS Region 2: Southwest","TX"
"243","Leptonycteris nivalis","No","No discussion",1994,"Bat, Mexican long-nosed","Vertebrate","Mammal","FWS Region 2: Southwest","NM, TX"
"244","Leptoxis foremani","Yes","No discussion",2013,"Rocksnail, interrupted","Invertebrate","Mollusk","FWS Region 4: Southeast","AL, GA"
"245","Leptoxis plicata","No","No discussion",2016,"Rocksnail, plicate","Invertebrate","Mollusk","FWS Region 4: Southeast","AL "
"246","Lepyrium showalteri","No","No discussion",2016,"Pebblesnail, flat","Invertebrate","Mollusk","FWS Region 4: Southeast","AL"
"247","Lioplax cyclostomaformis","No","No discussion",2016,"Lioplax, cylindrical","Invertebrate","Mollusk","FWS Region 4: Southeast","AL, GA"
"248","Lirceus usdagalun","No","No discussion",2008,"Isopod, Lee County cave","Invertebrate","Arthropod","FWS Region 5: Northeast","VA"
"249","Loxioides bailleui","Yes","No discussion",2015,"Palila","Vertebrate","Bird","FWS Region 1: Pacific","HI"
"250","Loxops caeruleirostris","Yes","Action",2010,"Akekee","Vertebrate","Bird","FWS Region 1: Pacific","HI"
"251","Loxops coccineus coccineus","Yes","Action",2015,"Akepa, Hawaii (honeycreeper)","Vertebrate","Bird","FWS Region 1: Pacific","HI"
"252","Lycaeides argyrognomon lotis","Yes","No discussion",2011,"Butterfly, lotis blue","Invertebrate","Arthropod","FWS Region 8: Pacific Southwest","CA"
"253","Lycaeides melissa samuelis","Yes","Action",2012,"Butterfly, Karner blue","Invertebrate","Arthropod","FWS Region 3: Midwest","IL, IN, MI, MN, NH, NY, OH, WI"
"254","Manduca blackburni","No","No discussion",2009,"Moth, Blackburn's sphinx","Invertebrate","Arthropod","FWS Region 1: Pacific","HI"
"255","Margaritifera marrianae","Yes","Action",2012,"Pearlshell, Alabama","Invertebrate","Mollusk","FWS Region 4: Southeast","AL"
"256","Meda fulgida","Yes","Action",2012,"Spikedace","Vertebrate","Fish","FWS Region 2: Southwest","AZ, NM"
"257","Medionidus parvulus","No","No discussion",2008,"Moccasinshell, Coosa","Invertebrate","Mollusk","FWS Region 4: Southeast","AL, GA, TN"
"258","Medionidus penicillatus","No","No discussion",2007,"Moccasinshell, Gulf","Invertebrate","Mollusk","FWS Region 4: Southeast","AL, FL, GA "
"259","Medionidus simpsonianus","No","No discussion",2007,"Moccasinshell, Ochlockonee","Invertebrate","Mollusk","FWS Region 4: Southeast","FL, GA"
"260","Megalagrion leptodemas","Yes","Action",2012,"Damselfly, crimson Hawaiian","Invertebrate","Arthropod","FWS Region 1: Pacific","HI"
"261","Megalagrion nesiotes","Yes","Excluded from analysis",2010,"Damselfly, flying earwig Hawaiian","Invertebrate","Arthropod","FWS Region 1: Pacific","HI"
"262","Megalagrion nigrohamatum nigrolineatum","Yes","Action",2012,"Damselfly, blackline Hawaiian","Invertebrate","Arthropod","FWS Region 1: Pacific","HI"
"263","Megalagrion oceanicum","Yes","Action",2012,"Damselfly, oceanic Hawaiian","Invertebrate","Arthropod","FWS Region 1: Pacific","HI"
"264","Megalagrion pacificum","Yes","Excluded from analysis",2010,"Damselfly, Pacific Hawaiian","Invertebrate","Arthropod","FWS Region 1: Pacific","HI"
"265","Megalagrion xanthomelas","Yes","Excluded from analysis",2016,"Orangeblack Hawaiian damselfly","Invertebrate","Arthropod","FWS Region 1: Pacific","HI"
"266","Megapodius laperouse","Yes","Further study",2016,"Megapode, Micronesian ","Vertebrate","Bird","FWS Region 1: Pacific","NMI "
"267","Microhexura montivaga","Yes","Further study",2014,"Spider, spruce-fir moss","Invertebrate","Arthropod","FWS Region 4: Southeast","NC, TN, VA"
"268","Microtus californicus scirpensis","Yes","No discussion",2009,"Vole, Amargosa","Vertebrate","Mammal","FWS Region 8: Pacific Southwest","CA"
"269","Microtus pennsylvanicus dukecampbelli","Yes","No discussion",2008,"Vole, Florida salt marsh","Vertebrate","Mammal","FWS Region 4: Southeast","FL"
"270","Moapa coriacea","No","No discussion",1996,"Dace, Moapa","Vertebrate","Fish","FWS Region 8: Pacific Southwest","NV"
"271","Monachus schauinslandi","Yes","No discussion",2007,"Seal, Hawaiian monk","Vertebrate","Mammal","NMFS: Marine","HI"
"272","Mustela nigripes","Yes","Further study",2013,"Ferret, black-footed","Vertebrate","Mammal","FWS Region 6: Mountain Prairie","AZ, CO, KS, MT, NE, NM, ND, SD, UT, WY"
"273","Myadestes palmeri","No","No discussion",2009,"Thrush, small Kauai","Vertebrate","Bird","FWS Region 1: Pacific","HI"
"274","Myotis grisescens","Yes","No discussion",2009,"Bat, gray","Vertebrate","Mammal","FWS Region 3: Midwest","AL, AR, FL, GA, IL, IN, KS, KY, MO, MS, NC, OK, TN, VA, WV"
"275","Myotis sodalis","Yes","Further study",2007,"Bat, Indiana","Vertebrate","Mammal","FWS Region 3: Midwest","AL, AR, CT, GA, IA, IL, IN, KY, MA, MD, MI, MO, MS, NC, NJ, NY, OH, OK, PA, SC, TN, VA, VT, WV"
"276","Necturus alabamensis","Yes","No discussion",2018,"Black warrior (=Sipsey Fork) Waterdog","Vertebrate","Amphibian","FWS Region 4: Southeast","AL"
"277","Neoleptoneta microps","Yes","Action",2011,"Spider, Government Canyon Bat Cave","Invertebrate","Arthropod","FWS Region 2: Southwest","TX"
"278","Neonympha mitchellii francisci","No","No discussion",2013,"Butterfly, Saint Francis' satyr","Invertebrate","Arthropod","FWS Region 4: Southeast","NC"
"279","Neonympha mitchellii mitchellii","No","No discussion",1998,"Butterfly, Mitchell's satyr","Invertebrate","Arthropod","FWS Region 3: Midwest","AL, IN, MI, MS, OH, VA"
"280","Neotoma floridana smalli","No","No discussion",2008,"Woodrat, Key Largo","Vertebrate","Mammal","FWS Region 4: Southeast","FL"
"281","Neotoma fuscipes riparia","Yes","No discussion",2012,"Woodrat, riparian","Vertebrate","Mammal","FWS Region 8: Pacific Southwest","CA"
"282","Newcombia cumingi","Yes","No discussion",2013,"Snail, Newcomb's tree","Invertebrate","Mollusk","FWS Region 1: Pacific","HI"
"283","Nicrophorus americanus","Yes","No discussion",2008,"Beetle, American burying","Invertebrate","Arthropod","FWS Region 2: Southwest","AR, KS, MA, MO, NE, OH, OK, RI, SD, TX"
"284","Notropis albizonatus","Yes","No discussion",2014,"Shiner, palezone","Vertebrate","Fish","FWS Region 4: Southeast","AL, KY "
"285","Notropis buccula","Yes","No discussion",2015,"Shiner, smalleye","Vertebrate","Fish","FWS Region 2: Southwest","TX"
"286","Notropis cahabae","No","No discussion",1992,"Shiner, Cahaba","Vertebrate","Fish","FWS Region 4: Southeast","AL"
"287","Notropis mekistocholas","Yes","No discussion",2017,"Shiner, Cape Fear","Vertebrate","Fish","FWS Region 4: Southeast","NC"
"288","Notropis oxyrhynchus","Yes","No discussion",2015,"Shiner, sharpnose","Vertebrate","Fish","FWS Region 2: Southwest","TX"
"289","Notropis topeka","Yes","Further study",2010,"Shiner, Topeka","Vertebrate","Fish","FWS Region 6: Mountain Prairie","IA, KS, MN, MO, NE, SD"
"290","Noturus baileyi","No","No discussion",2012,"Madtom, smoky","Vertebrate","Fish","FWS Region 4: Southeast","TN"
"291","Noturus crypticus","No","No discussion",2018,"Madtom, chucky","Vertebrate","Fish","FWS Region 4: Southeast","TN"
"292","Noturus stanauli","No","No discussion",2009,"Madtom, pygmy","Vertebrate","Fish","FWS Region 4: Southeast","TN"
"293","Oarisma poweshiek","Yes","Action",2014,"Skipperling, Poweshiek","Invertebrate","Arthropod","FWS Region 3: Midwest","IA, MI, MN, ND, SD, WI"
"294","Obovaria retusa","No","No discussion",2011,"Mussel, ring pink (=golf stick pearly)","Invertebrate","Mollusk","FWS Region 4: Southeast","AL, KY, TN"
"295","Oceanodroma castro","Yes","Excluded from analysis",2016,"Band-rumped storm-petrel","Vertebrate","Bird","FWS Region 1: Pacific","HI"
"296","Odocoileus virginianus clavium","Yes","Further study",2010,"Deer, key ","Vertebrate","Mammal","FWS Region 4: Southeast","FL"
"297","Oncorhynchus kisutch","Yes","Action",2012,"Salmon, coho","Vertebrate","Fish","NMFS: Marine","CA, OR"
"298","Oncorhynchus mykiss","Yes","Action",2013,"Steelhead","Vertebrate","Fish","NMFS: Marine","CA, OR, WA"
"299","Oncorhynchus nerka","Yes","Action",2009,"Salmon, sockeye","Vertebrate","Fish","NMFS: Marine","OR, WA"
"300","Oncorhynchus tshawytscha","Yes","Action",2014,"Salmon, Chinook","Vertebrate","Fish","NMFS: Marine","OR, WA"
"301","Orcinus orca","Yes","Further study",2008,"Whale, killer ","Vertebrate","Mammal","NMFS: Marine","CA, OR, WA"
"302","Orconectes shoupi","No","No discussion",1989,"Crayfish, Nashville","Invertebrate","Arthropod","FWS Region 4: Southeast","TN"
"303","Oreomystis bairdi","Yes","Action",2010,"`Akikiki","Vertebrate","Bird","FWS Region 1: Pacific","HI"
"304","Oreomystis mana","Yes","Action",2015,"Creeper, Hawaii","Vertebrate","Bird","FWS Region 1: Pacific","HI"
"305","Oryzomys palustris natator","No","Further study",2008,"Rice rat ","Vertebrate","Mammal","FWS Region 4: Southeast","FL"
"306","Ostodes strigatus","Yes","Excluded from analysis",2016,"Snail [no common name]","Invertebrate","Mollusk","FWS Region 1: Pacific","AS"
"307","Ovis canadensis nelsoni","Yes","No discussion",2011,"Sheep, Peninsular bighorn ","Vertebrate","Mammal","FWS Region 8: Pacific Southwest","CA"
"308","Ovis canadensis sierrae","No","No discussion",2008,"Sheep, Sierra Nevada bighorn ","Vertebrate","Mammal","FWS Region 8: Pacific Southwest","CA"
"309","Oxyloma haydeni kanabensis","Yes","No discussion",2011,"Ambersnail, Kanab","Invertebrate","Mollusk","FWS Region 2: Southwest","AZ"
"310","Pacifastacus fortis","Yes","No discussion",2009,"Crayfish, Shasta","Invertebrate","Arthropod","FWS Region 8: Pacific Southwest","CA, OR"
"311","Palaemonias alabamae","No","No discussion",2016,"Shrimp, Alabama cave","Invertebrate","Arthropod","FWS Region 4: Southeast","AL "
"312","Palaemonias ganteri","No","No discussion",2010,"Shrimp, Kentucky cave","Invertebrate","Arthropod","FWS Region 4: Southeast","KY"
"313","Palmeria dolei","Yes","No discussion",2016,"Honeycreeper, crested","Vertebrate","Bird","FWS Region 1: Pacific","HI"
"314","Panthera onca","Yes","Action",2016,"Jaguar","Vertebrate","Mammal","FWS Region 2: Southwest","AZ, NM"
"315","Partula gibba","Yes","Excluded from analysis",2015,"Humped tree snail","Invertebrate","Mollusk","FWS Region 1: Pacific","GU"
"316","Partula langfordi","Yes","Excluded from analysis",2015,"Langford's tree snail","Invertebrate","Mollusk","FWS Region 1: Pacific","NMI"
"317","Partula radiolata","Yes","Excluded from analysis",2015,"Guam tree snail","Invertebrate","Mollusk","FWS Region 1: Pacific","GU"
"318","Partulina semicarinata","Yes","No discussion",2013,"Snail, Lanai tree (1)","Invertebrate","Mollusk","FWS Region 1: Pacific","HI"
"319","Partulina variabilis","Yes","No discussion",2013,"Snail, Lanai tree (2)","Invertebrate","Mollusk","FWS Region 1: Pacific","HI"
"320","Pegias fabula","Yes","No discussion",2013,"Pearlymussel, littlewing","Invertebrate","Mollusk","FWS Region 4: Southeast","AL, KY, NC, TN, VA"
"321","Percina antesella","Yes","No discussion",2014,"Darter, amber","Vertebrate","Fish","FWS Region 4: Southeast","GA, TN"
"322","Percina jenkinsi","No","No discussion",2011,"Logperch, Conasauga","Vertebrate","Fish","FWS Region 4: Southeast","GA, TN"
"323","Percina rex","No","No discussion",2007,"Logperch, Roanoke","Vertebrate","Fish","FWS Region 5: Northeast","NC, VA"
"324","Perognathus longimembris pacificus","Yes","No discussion",2010,"Mouse, Pacific pocket","Vertebrate","Mammal","FWS Region 8: Pacific Southwest","CA"
"325","Peromyscus gossypinus allapaticola","No","No discussion",2009,"Mouse, Key Largo cotton","Vertebrate","Mammal","FWS Region 4: Southeast","FL"
"326","Peromyscus polionotus allophrys","No","Further study",2007,"Mouse, Choctawhatchee beach","Vertebrate","Mammal","FWS Region 4: Southeast","FL"
"327","Peromyscus polionotus ammobates","Yes","No discussion",2009,"Mouse, Alabama beach","Vertebrate","Mammal","FWS Region 4: Southeast","AL "
"328","Peromyscus polionotus peninsularis","No","No discussion",2010,"Mouse, St. Andrew beach","Vertebrate","Mammal","FWS Region 4: Southeast","FL"
"329","Peromyscus polionotus phasma","No","No discussion",2007,"Mouse, Anastasia Island beach","Vertebrate","Mammal","FWS Region 4: Southeast","FL"
"330","Peromyscus polionotus trissyllepsis","Yes","Action",2014,"Mouse, Perdido Key beach","Vertebrate","Mammal","FWS Region 4: Southeast","FL"
"331","Phoebastria albatrus","Yes","Further study",2014,"Albatross, short-tailed","Vertebrate","Bird","FWS Region 7: Alaska","AK, CA, HI, OR, WA"
"332","Physa natricina","Yes","No discussion",2014,"Snail, Snake River physa","Invertebrate","Mollusk","FWS Region 1: Pacific","ID"
"333","Physeter catodon","Yes","Action",2010,"Whale, sperm","Vertebrate","Mammal","NMFS: Marine","Ak, CA, NC, PR, VA"
"334","Picoides borealis","No","No discussion",2006,"Woodpecker, red-cockaded","Vertebrate","Bird","FWS Region 4: Southeast","AL, AR, FL, GA, KY, LA, MD, MO, MS, NC, OK, SC, TN, TX, VA"
"335","Plagopterus argentissimus","Yes","No discussion",2008,"Woundfin","Vertebrate","Fish","FWS Region 6: Mountain Prairie","AZ, NV, NM, UT"
"336","Plebejus shasta charlestonensis","Yes","Action",2015,"Butterfly, Mt. Charleston blue","Invertebrate","Arthropod","FWS Region 8: Pacific Southwest","NV"
"337","Plethobasus cicatricosus","Yes","No discussion",2016,"Pearlymussel, white wartyback","Invertebrate","Mollusk","FWS Region 4: Southeast","AL, KY, TN"
"338","Plethobasus cooperianus","No","No discussion",2018,"Pearlymussel, orange-foot pimpleback","Invertebrate","Mollusk","FWS Region 4: Southeast","AL, IL, KY, TN"
"339","Plethobasus cyphyus","Yes","Excluded from analysis",2012,"Mussel, sheepnose","Invertebrate","Mollusk","FWS Region 3: Midwest","AL, IL, IN IA, KY, MN, MS, MO, OH, PA, VA, WV, WI"
"340","Plethodon neomexicanus","Yes","No discussion",2013," Salamander, Jemez Mountains","Vertebrate","Amphibian","FWS Region 2: Southwest","NM"
"341","Plethodon shenandoah","No","No discussion",1994,"Salamander, Shenandoah","Vertebrate","Amphibian","FWS Region 5: Northeast","VA"
"342","Pleurobema clava","No","No discussion",2008,"Clubshell","Invertebrate","Mollusk","FWS Region 5: Northeast","IL, IN, KY, MI, NY, OH, PA, TN, WV"
"343","Pleurobema collina","No","No discussion",1990,"Spinymussel, James ","Invertebrate","Mollusk","FWS Region 5: Northeast","NC, VA, WV"
"344","Pleurobema decisum","No","No discussion",2008,"Clubshell, southern","Invertebrate","Mollusk","FWS Region 4: Southeast","AL, GA, MS"
"345","Pleurobema furvum","No","No discussion",2008,"Pigtoe, dark","Invertebrate","Mollusk","FWS Region 4: Southeast","AL"
"346","Pleurobema georgianum","No","No discussion",2008,"Pigtoe, southern","Invertebrate","Mollusk","FWS Region 4: Southeast","AL, GA, TN"
"347","Pleurobema gibberum","No","No discussion",2015,"Pigtoe, Cumberland","Invertebrate","Mollusk","FWS Region 4: Southeast","TN"
"348","Pleurobema hanleyianum","Yes","No discussion",2013,"Pigtoe, Georgia","Invertebrate","Mollusk","FWS Region 4: Southeast","GA"
"349","Pleurobema perovatum","No","No discussion",2008,"Clubshell, ovate","Invertebrate","Mollusk","FWS Region 4: Southeast","AL, MS, TN"
"350","Pleurobema plenum","No","No discussion",2014,"Pigtoe, rough","Invertebrate","Mollusk","FWS Region 4: Southeast","AL, IL, IN, KY, OH, TN, PA, VA"
"351","Pleurobema pyriforme","No","No discussion",2007,"Pigtoe (mussel), oval","Invertebrate","Mollusk","FWS Region 4: Southeast","AL, FL, GA "
"352","Pleurobema taitianum","No","No discussion",2015,"Pigtoe, heavy","Invertebrate","Mollusk","FWS Region 4: Southeast","AL, MS"
"353","Pleurocera foremani","Yes","No discussion",2013,"Hornsnail, rough","Invertebrate","Mollusk","FWS Region 4: Southeast","AL"
"354","Pleuronaia dolabelloides","Yes","No discussion",2013,"Pearlymussel, slabside","Invertebrate","Mollusk","FWS Region 4: Southeast","AL, KY, MS, NC, TN, VA"
"355","Poeciliopsis occidentalis","No","No discussion",1999,"Topminnow, Gila","Vertebrate","Fish","FWS Region 2: Southwest","AZ, NM"
"356","Polygyriscus virginianus","No","No discussion",2008,"Snail, Virginia fringed mountain","Invertebrate","Mollusk","FWS Region 5: Northeast","VA"
"357","Polyphylla barbata","No","No discussion",2009,"Beetle, Mount Hermon June","Invertebrate","Arthropod","FWS Region 8: Pacific Southwest","CA"
"358","Popenaias popeii","Yes","No discussion",2018,"Texas Hornshell","Invertebrate","Mollusk","FWS Region 2: Southwest","NM, TX"
"359","Potamilus capax","Yes","No discussion",2012,"Pocketbook, fat","Invertebrate","Mollusk","FWS Region 4: Southeast","AR, IA, IL, IN, KY, LA, MN, MO, MS, NE, NY, OH WI
"
"360","Pristis pectinata","No","No discussion",2009,"Sawfish, smalltooth","Vertebrate","Fish","NMFS: Marine","AL, FL, GA, LA, MS, NC, SC"
"361","Pristis pristis","Yes","Excluded from analysis",2014,"Sawfish, largetooth","Vertebrate","Fish","NMFS: Marine","AL, FL, GA, LA, MS, NC, SC"
"362","Procaris hawaiana","Yes","Excluded from analysis",2016,"Anchialine pool Shrimp","Invertebrate","Arthropod","FWS Region 1: Pacific","HI"
"363","Pseudemys alabamensis","No","No discussion",2015,"Turtle, Alabama red-belly","Vertebrate","Reptile","FWS Region 4: Southeast","AL, MS"
"364","Pseudemys rubriventris bangsi","Yes","No discussion",2007,"Turtle, Plymouth redbelly ","Vertebrate","Reptile","FWS Region 5: Northeast","MA"
"365","Pseudocopaeodes eunus obscurus","Yes","No discussion",2012,"Skipper, Carson wandering","Invertebrate","Arthropod","FWS Region 8: Pacific Southwest","CA, NV"
"366","Pseudonestor xanthophrys","Yes","Action",2014,"Parrotbill, Maui","Vertebrate","Bird","FWS Region 1: Pacific","HI"
"367","Pseudorca crassidens","Yes","No discussion",2012,"Whale, False killer ","Vertebrate","Mammal","NMFS: Marine","FL, GA, HI, NC, OR, SC, TX"
"368","Pseudotryonia adamantina","Yes","No discussion",2013,"Tryonia, Diamond","Invertebrate","Mollusk","FWS Region 2: Southwest","TX"
"369","Pterodroma cahow","Yes","No discussion",2013,"Cahow","Vertebrate","Bird","FWS Region 4: Southeast","Bermuda"
"370","Pterodroma phaeopygia sandwichensis","Yes","No discussion",2011,"Petrel, Hawaiian dark-rumped","Vertebrate","Bird","FWS Region 1: Pacific","HI"
"371","Ptychobranchus greenii","No","No discussion",2008,"Kidneyshell, triangular","Invertebrate","Mollusk","FWS Region 4: Southeast","AL"
"372","Ptychobranchus jonesi","Yes","Action",2012,"Kidneyshell, southern","Invertebrate","Mollusk","FWS Region 4: Southeast","AL, FL"
"373","Ptychobranchus subtentum","Yes","No discussion",2013,"Kidneyshell, fluted","Invertebrate","Mollusk","FWS Region 4: Southeast","AL, KY, TN, VA"
"374","Ptychocheilus lucius","No","Action",2011,"Pikeminnow, Colorado","Vertebrate","Fish","FWS Region 6: Mountain Prairie","AZ, CA, CO, NM, UT"
"375","Puma concolor","No","No discussion",2008,"Panther, Florida","Vertebrate","Mammal","FWS Region 4: Southeast","FL "
"376","Pyrgulopsis bruneauensis","No","No discussion",2007,"Springsnail, Bruneau Hot","Invertebrate","Mollusk","FWS Region 1: Pacific","ID"
"377","Pyrgulopsis chupaderae","Yes","Excluded from analysis",2012,"Springsnail, Chupadera","Invertebrate","Mollusk","FWS Region 2: Southwest","NM"
"378","Pyrgulopsis neomexicana","Yes","No discussion",2008,"Springsnail, Socorro","Invertebrate","Mollusk","FWS Region 2: Southwest","NM"
"379","Pyrgulopsis ogmorhaphe","No","No discussion",2011,"Marstonia, royal","Invertebrate","Mollusk","FWS Region 4: Southeast","TN "
"380","Pyrgulopsis pachyta","No","No discussion",2010,"Snail, armored","Invertebrate","Mollusk","FWS Region 4: Southeast","AL"
"381","Pyrgulopsis roswellensis","Yes","Further study",2018,"Springsnail, Roswell","Invertebrate","Mollusk","FWS Region 2: Southwest","NM"
"382","Pyrgulopsis texana","Yes","No discussion",2013,"Springsnail, Phantom","Invertebrate","Mollusk","FWS Region 2: Southwest","TX"
"383","Pyrgulopsis trivialis","Yes","No discussion",2012,"Springsnail, Three Forks","Invertebrate","Mollusk","FWS Region 2: Southwest","AZ"
"384","Pyrgus ruralis lagunae","Yes","Action",2016,"Skipper, Laguna Mountains","Invertebrate","Arthropod","FWS Region 8: Pacific Southwest","CA"
"385","Quadrula cylindrica strigillata","No","No discussion",2004,"Rabbitsfoot, rough","Invertebrate","Mollusk","FWS Region 5: Northeast","TN, VA"
"386","Quadrula fragosa","No","No discussion",2001,"Mapleleaf, winged","Invertebrate","Mollusk","FWS Region 3: Midwest","AR, IA, IL, IN, KS, KY, MN, MO, OH, OK, SD, TN, WI
"
"387","Quadrula intermedia","No","No discussion",2011,"Monkeyface, Cumberland","Invertebrate","Mollusk","FWS Region 4: Southeast","AL, TN, VA"
"388","Quadrula sparsa","No","No discussion",1984,"Monkeyface, Appalachian","Invertebrate","Mollusk","FWS Region 5: Northeast","AL, TN, VA"
"389","Rallus longirostris levipes","Yes","Action",2009,"Rail, light-footed clapper","Vertebrate","Bird","FWS Region 8: Pacific Southwest","CA"
"390","Rallus longirostris obsoletus","Yes","Action",2014,"Rail, California clapper","Vertebrate","Bird","FWS Region 8: Pacific Southwest","CA"
"391","Rallus longirostris yumanensis","Yes","No discussion",2010,"Rail, Yuma clapper","Vertebrate","Bird","FWS Region 2: Southwest","AZ, CA, NV"
"392","Rallus owstoni","No","No discussion",2014,"Rail, Guam","Vertebrate","Bird","FWS Region 1: Pacific","GU "
"393","Rana muscosa","Yes","No discussion",2018,"Frog, mountain yellow-legged","Vertebrate","Amphibian","FWS Region 8: Pacific Southwest","CA, NV"
"394","Rana sevosa (= R. capito sevosa)","Yes","Action",2015,"Frog, Mississippi gopher","Vertebrate","Amphibian","FWS Region 4: Southeast","MS"
"395","Rana sierrae","Yes","No discussion",2014,"Frog, Sierra Nevada yellow-legged","Vertebrate","Amphibian","FWS Region 8: Pacific Southwest","CA"
"396","Rangifer tarandus caribou","Yes","No discussion",2012,"Caribou, woodland","Vertebrate","Mammal","FWS Region 1: Pacific","ID, WA"
"397","Reithrodontomys raviventris","Yes","Action",2014,"Mouse, salt marsh harvest","Vertebrate","Mammal","FWS Region 8: Pacific Southwest","CA"
"398","Rhadine exilis","Yes","Action",2011,"Ground beetle, [unnamed]","Invertebrate","Arthropod","FWS Region 2: Southwest","TX"
"399","Rhadine infernalis","Yes","Action",2011,"Ground beetle, [unnamed]","Invertebrate","Arthropod","FWS Region 2: Southwest","TX"
"400","Rhadine persephone","No","No discussion",2008,"Beetle, Tooth Cave ground","Invertebrate","Arthropod","FWS Region 2: Southwest","TX"
"401","Rhaphiomidas terminatus abdominalis","No","No discussion",2008,"Fly, Delhi Sands flower-loving","Invertebrate","Arthropod","FWS Region 8: Pacific Southwest","CA"
"402","Rhinichthys osculus lethoporus","Yes","No discussion",2013,"Dace, Independence Valley speckled","Vertebrate","Fish","FWS Region 8: Pacific Southwest","NV"
"403","Rhinichthys osculus nevadensis","No","No discussion",1998,"Dace, Ash Meadows speckled","Vertebrate","Fish","FWS Region 8: Pacific Southwest","NV"
"404","Rhinichthys osculus oligoporus","Yes","No discussion",2012,"Dace, Clover Valley speckled","Vertebrate","Fish","FWS Region 8: Pacific Southwest","NV"
"405","Rhinichthys osculus thermalis","Yes","No discussion",2016,"Dace, Kendall Warm Springs","Vertebrate","Fish","FWS Region 6: Mountain Prairie","WY"
"406","Rostrhamus sociabilis plumbeus","No","No discussion",2007,"Kite, Everglade snail","Vertebrate","Bird","FWS Region 4: Southeast","FL"
"407","Salmo salar","Yes","Action",2016,"Salmon, Atlantic","Vertebrate","Fish","FWS Region 5: Northeast","ME"
"408","Samoana fragilis","Yes","Excluded from analysis",2015,"Fragile tree snail","Invertebrate","Mollusk","FWS Region 1: Pacific","GU, NMI"
"409","Scaphirhynchus albus","Yes","Action",2014,"Sturgeon, pallid","Vertebrate","Fish","FWS Region 6: Mountain Prairie","AR, IL, IA, KS, KY, LA, MO, MS, MT, NE, ND, SD"
"410","Sebastes paucispinis","Yes","Action",2014,"Bocaccio","Vertebrate","Fish","NMFS: Marine","WA"
"411","Somatochlora hineana","Yes","No discussion",2013,"Dragonfly, Hine's (=Ohio) emerald","Invertebrate","Arthropod","FWS Region 3: Midwest","IL, MI, MO, WI"
"412","Sorex ornatus relictus","Yes","Action",2013,"Shrew, Buena vista lake ornate","Vertebrate","Mammal","FWS Region 8: Pacific Southwest","CA"
"413","Spelaeorchestia koloana","No","Action",2017,"Amphipod, Kauai cave","Invertebrate","Arthropod","FWS Region 1: Pacific","HI"
"414","Speoplatyrhinus poulsoni","No","No discussion",2017,"Cavefish, Alabama","Vertebrate","Fish","FWS Region 4: Southeast","AL "
"415","Speyeria callippe callippe","Yes","No discussion",2009,"Butterfly, callippe silverspot","Invertebrate","Arthropod","FWS Region 8: Pacific Southwest","CA"
"416","Speyeria zerene behrensii","Yes","Further study",2016,"Butterfly, Behren's silverspot","Invertebrate","Arthropod","FWS Region 8: Pacific Southwest","CA"
"417","Speyeria zerene myrtleae","Yes","Further study",2009,"Butterfly, Myrtle's silverspot","Invertebrate","Arthropod","FWS Region 8: Pacific Southwest","CA"
"418","Sphaerodactylus micropithecus","Yes","No threat, no action needed",2016,"Gecko, Monito","Vertebrate","Reptile","FWS Region 4: Southeast","PR"
"419","Sphyrna lewini","Yes","No threat, no action needed",2014,"Shark, scalloped hammerhead","Vertebrate","Fish","NMFS: Marine","FL, RI "
"420","Sterna antillarum","Yes","No discussion",2013,"Tern, least ","Vertebrate","Bird","FWS Region 4: Southeast","AL, AR, AZ, CA, CO, CT, DE, FL, GA, IA, IL, IN, KS, KY, LA, MA, MD, ME, MO, MS, MT, NC, ND, NE, NH, NJ, NM, NY, OH, OK, RI, SC, SD, TN, TX, VA"
"421","Sterna antillarum browni","No","No discussion",2006,"Tern, California least","Vertebrate","Bird","FWS Region 8: Pacific Southwest","AZ, CA"
"422","Sterna dougallii dougallii","Yes","No discussion",2010,"Tern, roseate","Vertebrate","Bird","FWS Region 5: Northeast","CT, ME, MA, NH, NJ, NY, NC, RI, VA"
"423","Streptocephalus woottoni","Yes","Action",2012,"Fairy shrimp, riverside","Invertebrate","Arthropod","FWS Region 8: Pacific Southwest","CA"
"424","Strymon acis bartrami","Yes","Action",2014,"Hairstreak, Bartram's","Invertebrate","Arthropod","FWS Region 4: Southeast","FL"
"425","Stygobromus hayi","No","No discussion",2013,"Amphipod, Hay's Spring","Invertebrate","Arthropod","FWS Region 5: Northeast","DC, MD"
"426","Stygobromus pecki","Yes","Action",2013,"Amphipod, Peck's cave","Invertebrate","Arthropod","FWS Region 2: Southwest","TX"
"427","Stygoparnus comalensis","Yes","Action",2013,"Beetle, Comal Springs dryopid","Invertebrate","Arthropod","FWS Region 2: Southwest","TX"
"428","Sylvilagus bachmani riparius","No","No discussion",1998,"Rabbit, riparian brush","Vertebrate","Mammal","FWS Region 8: Pacific Southwest","CA"
"429","Sylvilagus palustris hefneri","No","No discussion",2007,"Rabbit, Lower Keys marsh","Vertebrate","Mammal","FWS Region 4: Southeast","FL"
"430","Syncaris pacifica","Yes","No discussion",2011,"Shrimp, California freshwater","Invertebrate","Arthropod","FWS Region 8: Pacific Southwest","CA"
"431","Tamiasciurus hudsonicus grahamensis","Yes","Action",2011,"Squirrel, Mount Graham red","Vertebrate","Mammal","FWS Region 2: Southwest","AZ"
"432","Tartarocreagris texana","Yes","No discussion",2009,"Pseudoscorpion, Tooth Cave","Invertebrate","Arthropod","FWS Region 2: Southwest","TX"
"433","Telespyza cantans","Yes","No discussion",2014,"Finch, Laysan","Vertebrate","Bird","FWS Region 1: Pacific","HI"
"434","Telespyza ultima","Yes","No discussion",2011,"Finch, Nihoa","Vertebrate","Bird","FWS Region 1: Pacific","HI"
"435","Texamaurops reddelli","Yes","No discussion",2009,"Beetle, Kretschmarr Cave mold","Invertebrate","Arthropod","FWS Region 2: Southwest","TX"
"436","Texella cokendolpheri","Yes","Action",2011,"Harvestman, Cokendolpher Cave","Invertebrate","Arthropod","FWS Region 2: Southwest","TX"
"437","Texella reddelli","Yes","No discussion",2009,"Harvestman, Bee Creek Cave","Invertebrate","Arthropod","FWS Region 2: Southwest","TX"
"438","Texella reyesi","Yes","No discussion",2009,"Harvestman, Bone Cave","Invertebrate","Arthropod","FWS Region 2: Southwest","TX"
"439","Thamnophis sirtalis tetrataenia","No","No discussion",2006,"Snake, San Francisco garter","Vertebrate","Reptile","FWS Region 8: Pacific Southwest","CA"
"440","Thermosphaeroma thermophilus","Yes","No discussion",2009,"Isopod, Socorro","Invertebrate","Arthropod","FWS Region 2: Southwest","NM"
"441","Tiaroga cobitis","No","Action",2012,"Loach minnow","Vertebrate","Fish","FWS Region 2: Southwest","AZ, NM"
"442","Toxolasma cylindrellus","No","No discussion",2011,"Lilliput, pale","Invertebrate","Mollusk","FWS Region 4: Southeast","AL, GA, TN"
"443","Trimerotropis infantilis","No","No discussion",2009,"Grasshopper, Zayante band-winged","Invertebrate","Arthropod","FWS Region 8: Pacific Southwest","CA"
"444","Tryonia alamosae","No","No discussion",1994,"Springsnail, Alamosa","Invertebrate","Mollusk","FWS Region 2: Southwest","NM"
"445","Tryonia cheatumi","Yes","No discussion",2013,"Tryonia, Phantom","Invertebrate","Mollusk","FWS Region 2: Southwest","TX"
"446","Tryonia circumstriata","Yes","No discussion",2013,"Tryonia, Gonzales","Invertebrate","Mollusk","FWS Region 2: Southwest","TX"
"447","Tympanuchus cupido attwateri","No","No discussion",2010,"Prairie-chicken, Attwater's greater","Vertebrate","Bird","FWS Region 2: Southwest","TX"
"448","Typhlomolge rathbuni","No","No discussion",1996,"Salamander, Texas blind","Vertebrate","Amphibian","FWS Region 2: Southwest","TX"
"449","Vagrans egistina","Yes","Excluded from analysis",2015,"Mariana wandering butterfly","Invertebrate","Arthropod","FWS Region 1: Pacific","GU, NMI"
"450","Vetericaris chaceorum","Yes","Excluded from analysis",2013,"Shrimp, Anchialine pool","Invertebrate","Arthropod","FWS Region 1: Pacific","HI"
"451","Villosa choctawensis","Yes","No discussion",2012,"Bean, Choctaw","Invertebrate","Mollusk","FWS Region 4: Southeast","AL, FL"
"452","Villosa fabalis","Yes","Excluded from analysis",2012,"Bean, rayed","Invertebrate","Mollusk","FWS Region 3: Midwest","IN, MI, NY, OH, PA, VA"
"453","Villosa perpurpurea","No","No discussion",2006,"Bean, purple","Invertebrate","Mollusk","FWS Region 5: Northeast","TN, VA"
"454","Villosa trabalis","No","No discussion",2010,"Bean, Cumberland ","Invertebrate","Mollusk","FWS Region 4: Southeast","AL, KY, NC, VA"
"455","Vireo bellii pusillus","No","No discussion",2006,"Vireo, least Bell's","Vertebrate","Bird","FWS Region 8: Pacific Southwest","CA"
"456","Vulpes macrotis mutica","Yes","No discussion",2010,"Fox, San Joaquin kit","Vertebrate","Mammal","FWS Region 8: Pacific Southwest","CA"
"457","Xyrauchen texanus","No","Further study",2012,"Sucker, razorback","Vertebrate","Fish","FWS Region 6: Mountain Prairie","AZ, CO, NV, NM, UT"
"458","Zapus hudsonius luteus","Yes","Action",2014,"Mouse, New Mexico meadow jumping","Vertebrate","Mammal","FWS Region 2: Southwest","AZ, NM"
"459","Zosterops rotensis","No","No discussion",2014,"White-eye, Rota bridled ","Vertebrate","Bird","FWS Region 1: Pacific","NMI"
